page,new_listing_rate
27,0.8535031847133758
28,0.7802547770700637
29,0.7261146496815286
30,0.6592356687898089
31,0.5859872611464968
26,0.5828025477707006
32,0.5636942675159236
5,0.5605095541401274
34,0.4793650793650794
33,0.48242811501597443
35,0.43312101910828027
36,0.40445859872611467
38,0.40445859872611467
37,0.3557692307692308
40,0.33650793650793653
39,0.3343949044585987
25,0.33015873015873015
42,0.29936305732484075
4,0.2961783439490446
41,0.2770700636942675
6,0.27388535031847133
48,0.26282051282051283
46,0.24600638977635783
43,0.24600638977635783
44,0.24522292993630573
45,0.24444444444444444
0,0.22641509433962265
7,0.22611464968152867
24,0.2197452229299363
49,0.21019108280254778
47,0.2070063694267516
8,0.1942675159235669
57,0.1942675159235669
9,0.1910828025477707
10,0.18670886075949367
60,0.18471337579617833
52,0.18412698412698414
53,0.1757188498402556
50,0.1746031746031746
51,0.17142857142857143
11,0.16666666666666666
1,0.16025641025641027
54,0.1597444089456869
3,0.15555555555555556
13,0.15335463258785942
2,0.14556962025316456
22,0.1464968152866242
58,0.14012738853503184
62,0.13738019169329074
23,0.134185303514377
56,0.1337579617834395
64,0.134185303514377
69,0.1305732484076433
12,0.1305732484076433
71,0.1305732484076433
59,0.12380952380952381
61,0.12420382165605096
55,0.12101910828025478
78,0.12063492063492064
65,0.1178343949044586
17,0.11392405063291139
75,0.11501597444089456
74,0.11464968152866242
72,0.11428571428571428
15,0.11182108626198083
66,0.11041009463722397
67,0.1111111111111111
63,0.11146496815286625
81,0.10862619808306709
108,0.10828025477707007
76,0.10509554140127389
16,0.10543130990415335
83,0.10191082802547771
80,0.10223642172523961
89,0.10191082802547771
73,0.09841269841269841
19,0.09584664536741214
77,0.09523809523809523
70,0.09554140127388536
104,0.09554140127388536
84,0.09584664536741214
87,0.09523809523809523
79,0.09554140127388536
88,0.0926517571884984
100,0.0914826498422713
14,0.09206349206349207
68,0.09235668789808917
122,0.09235668789808917
109,0.09235668789808917
159,0.08917197452229299
21,0.08917197452229299
93,0.08917197452229299
186,0.08860759493670886
105,0.08888888888888889
113,0.08974358974358974
82,0.08598726114649681
20,0.08598726114649681
129,0.08571428571428572
101,0.08280254777070063
18,0.07936507936507936
96,0.07961783439490445
125,0.07936507936507936
156,0.07961783439490445
117,0.07643312101910828
120,0.07643312101910828
114,0.07667731629392971
121,0.07643312101910828
92,0.07643312101910828
94,0.07348242811501597
110,0.0732484076433121
187,0.07348242811501597
106,0.0732484076433121
154,0.0732484076433121
86,0.0732484076433121
95,0.07006369426751592
85,0.07006369426751592
168,0.06984126984126984
161,0.06984126984126984
145,0.07006369426751592
169,0.06687898089171974
193,0.06687898089171974
119,0.06687898089171974
107,0.06687898089171974
216,0.0670926517571885
141,0.0670926517571885
180,0.06687898089171974
150,0.06687898089171974
135,0.06666666666666667
111,0.06369426751592357
160,0.06369426751592357
124,0.06349206349206349
112,0.06369426751592357
172,0.06369426751592357
149,0.06369426751592357
103,0.06369426751592357
99,0.06369426751592357
279,0.06050955414012739
153,0.06070287539936102
102,0.06070287539936102
174,0.06070287539936102
380,0.06050955414012739
173,0.06070287539936102
90,0.06031746031746032
91,0.06031746031746032
268,0.06031746031746032
165,0.06050955414012739
137,0.06031746031746032
332,0.06031746031746032
115,0.06050955414012739
167,0.06031746031746032
134,0.06031746031746032
148,0.05732484076433121
212,0.05732484076433121
127,0.05714285714285714
126,0.05732484076433121
272,0.05750798722044728
313,0.05750798722044728
413,0.05750798722044728
131,0.05732484076433121
201,0.05732484076433121
339,0.054140127388535034
178,0.054313099041533544
118,0.054140127388535034
123,0.054140127388535034
181,0.05448717948717949
326,0.05379746835443038
97,0.054140127388535034
217,0.054140127388535034
194,0.054140127388535034
292,0.054140127388535034
269,0.054140127388535034
401,0.05396825396825397
432,0.054140127388535034
164,0.054140127388535034
241,0.054140127388535034
242,0.054140127388535034
139,0.054313099041533544
296,0.051118210862619806
238,0.050955414012738856
116,0.051118210862619806
318,0.050793650793650794
176,0.051118210862619806
226,0.050955414012738856
250,0.050955414012738856
256,0.051118210862619806
144,0.050793650793650794
128,0.050955414012738856
185,0.051118210862619806
155,0.051118210862619806
157,0.050955414012738856
207,0.050955414012738856
146,0.050793650793650794
225,0.04777070063694268
133,0.04777070063694268
227,0.04777070063694268
219,0.04777070063694268
381,0.04777070063694268
163,0.047619047619047616
215,0.04777070063694268
98,0.04777070063694268
138,0.04777070063694268
283,0.04792332268370607
608,0.04777070063694268
191,0.047619047619047616
309,0.04792332268370607
278,0.04777070063694268
140,0.04777070063694268
304,0.047619047619047616
280,0.04777070063694268
237,0.04777070063694268
235,0.04777070063694268
233,0.04807692307692308
231,0.04792332268370607
158,0.044585987261146494
132,0.044585987261146494
350,0.044585987261146494
152,0.04472843450479233
306,0.04472843450479233
299,0.044444444444444446
262,0.044585987261146494
182,0.044585987261146494
211,0.044585987261146494
220,0.044444444444444446
206,0.044585987261146494
297,0.04472843450479233
808,0.044585987261146494
240,0.04472843450479233
143,0.044585987261146494
245,0.044585987261146494
190,0.044585987261146494
257,0.044585987261146494
341,0.044444444444444446
136,0.044585987261146494
321,0.044585987261146494
175,0.04487179487179487
325,0.044585987261146494
171,0.044585987261146494
170,0.044585987261146494
302,0.044585987261146494
397,0.041401273885350316
417,0.041401273885350316
416,0.04126984126984127
147,0.041401273885350316
567,0.041401273885350316
203,0.041401273885350316
569,0.04126984126984127
452,0.04126984126984127
130,0.041401273885350316
208,0.04153354632587859
166,0.041401273885350316
228,0.041401273885350316
236,0.04126984126984127
285,0.041401273885350316
234,0.041401273885350316
310,0.04126984126984127
340,0.041401273885350316
343,0.04126984126984127
253,0.04113924050632911
346,0.041401273885350316
254,0.041401273885350316
825,0.04126984126984127
361,0.041401273885350316
221,0.04126984126984127
218,0.04126984126984127
213,0.041401273885350316
247,0.03821656050955414
252,0.03821656050955414
431,0.0380952380952381
192,0.03821656050955414
438,0.03821656050955414
202,0.03821656050955414
244,0.03821656050955414
243,0.0380952380952381
271,0.03821656050955414
395,0.0380952380952381
197,0.03821656050955414
229,0.0380952380952381
478,0.0379746835443038
224,0.03821656050955414
294,0.03821656050955414
189,0.0380952380952381
396,0.03821656050955414
286,0.03821656050955414
319,0.03821656050955414
282,0.038338658146964855
376,0.0380952380952381
366,0.03821656050955414
615,0.0379746835443038
307,0.038338658146964855
210,0.0380952380952381
338,0.03821656050955414
301,0.038338658146964855
713,0.03821656050955414
184,0.0380952380952381
300,0.03821656050955414
388,0.03821656050955414
316,0.03821656050955414
277,0.03821656050955414
315,0.038338658146964855
423,0.0379746835443038
420,0.0380952380952381
510,0.03503184713375796
597,0.03503184713375796
473,0.03503184713375796
681,0.03503184713375796
480,0.03492063492063492
526,0.03503184713375796
502,0.03514376996805112
520,0.03503184713375796
703,0.03514376996805112
492,0.03503184713375796
531,0.03503184713375796
783,0.03503184713375796
550,0.03503184713375796
290,0.03503184713375796
263,0.03514376996805112
367,0.03503184713375796
370,0.03514376996805112
209,0.03492063492063492
177,0.03503184713375796
214,0.035256410256410256
289,0.03503184713375796
311,0.03514376996805112
179,0.03492063492063492
404,0.03503184713375796
406,0.03503184713375796
232,0.03503184713375796
239,0.03492063492063492
390,0.035256410256410256
387,0.03503184713375796
412,0.03503184713375796
428,0.035256410256410256
261,0.03503184713375796
298,0.03492063492063492
369,0.03492063492063492
322,0.03503184713375796
358,0.03503184713375796
329,0.03503184713375796
291,0.03503184713375796
363,0.03503184713375796
151,0.03514376996805112
266,0.03492063492063492
188,0.03503184713375796
349,0.03503184713375796
265,0.03514376996805112
264,0.03514376996805112
198,0.03184713375796178
351,0.03194888178913738
564,0.03184713375796178
421,0.031746031746031744
386,0.03184713375796178
557,0.03164556962025317
548,0.03184713375796178
734,0.03194888178913738
354,0.031746031746031744
545,0.03184713375796178
544,0.03184713375796178
540,0.03194888178913738
648,0.03184713375796178
303,0.03194888178913738
287,0.03184713375796178
353,0.03184713375796178
328,0.03184713375796178
308,0.03194888178913738
407,0.03184713375796178
142,0.03205128205128205
162,0.03184713375796178
372,0.03184713375796178
463,0.03184713375796178
606,0.03184713375796178
324,0.03164556962025317
295,0.031746031746031744
599,0.03205128205128205
333,0.03184713375796178
392,0.031746031746031744
870,0.03184713375796178
1178,0.03184713375796178
359,0.03184713375796178
405,0.03184713375796178
368,0.031746031746031744
275,0.03184713375796178
555,0.03184713375796178
527,0.03184713375796178
472,0.03194888178913738
449,0.03184713375796178
515,0.03184713375796178
439,0.03164556962025317
205,0.03184713375796178
640,0.03205128205128205
481,0.03184713375796178
491,0.03194888178913738
267,0.03184713375796178
445,0.031746031746031744
620,0.03184713375796178
183,0.03184713375796178
509,0.03205128205128205
485,0.031746031746031744
457,0.031746031746031744
195,0.03184713375796178
642,0.03194888178913738
222,0.031746031746031744
867,0.028662420382165606
204,0.02857142857142857
656,0.02857142857142857
500,0.028662420382165606
223,0.028662420382165606
714,0.028662420382165606
899,0.028662420382165606
375,0.02857142857142857
763,0.028391167192429023
320,0.02857142857142857
443,0.028662420382165606
762,0.028662420382165606
450,0.028662420382165606
317,0.028662420382165606
434,0.028662420382165606
662,0.02875399361022364
483,0.028662420382165606
461,0.028662420382165606
465,0.028662420382165606
352,0.028662420382165606
1013,0.02857142857142857
687,0.028662420382165606
686,0.02857142857142857
685,0.02875399361022364
469,0.028662420382165606
470,0.02875399361022364
335,0.02857142857142857
772,0.028662420382165606
456,0.028481012658227847
334,0.028846153846153848
675,0.02875399361022364
331,0.028662420382165606
453,0.028662420382165606
852,0.028662420382165606
706,0.02875399361022364
618,0.028662420382165606
840,0.02875399361022364
482,0.02875399361022364
1240,0.02875399361022364
589,0.02857142857142857
720,0.02875399361022364
246,0.028662420382165606
415,0.028662420382165606
419,0.028662420382165606
442,0.02875399361022364
638,0.028662420382165606
918,0.028662420382165606
518,0.02875399361022364
1080,0.02857142857142857
437,0.028662420382165606
429,0.028662420382165606
273,0.028662420382165606
260,0.028662420382165606
634,0.028662420382165606
542,0.02857142857142857
541,0.028662420382165606
943,0.028662420382165606
248,0.028481012658227847
288,0.028846153846153848
258,0.028662420382165606
274,0.02875399361022364
251,0.028662420382165606
532,0.028662420382165606
249,0.028481012658227847
199,0.028662420382165606
1351,0.028662420382165606
565,0.028662420382165606
410,0.02875399361022364
812,0.02875399361022364
723,0.028662420382165606
795,0.028662420382165606
627,0.02857142857142857
200,0.028481012658227847
1169,0.02875399361022364
864,0.028481012658227847
1417,0.028662420382165606
566,0.028846153846153848
731,0.028662420382165606
1199,0.028662420382165606
633,0.02875399361022364
832,0.025477707006369428
796,0.025559105431309903
719,0.025477707006369428
230,0.025559105431309903
876,0.025477707006369428
811,0.025559105431309903
391,0.025477707006369428
725,0.025559105431309903
344,0.025477707006369428
342,0.025477707006369428
800,0.025477707006369428
385,0.02531645569620253
389,0.025559105431309903
1226,0.025559105431309903
270,0.025559105431309903
705,0.025477707006369428
384,0.025477707006369428
890,0.025477707006369428
807,0.025559105431309903
327,0.02564102564102564
712,0.025396825396825397
462,0.025477707006369428
347,0.025477707006369428
1669,0.025477707006369428
632,0.02531645569620253
508,0.025477707006369428
440,0.025477707006369428
641,0.025477707006369428
524,0.025477707006369428
430,0.025477707006369428
533,0.025559105431309903
1073,0.02531645569620253
535,0.025559105431309903
536,0.025477707006369428
647,0.025559105431309903
543,0.025477707006369428
650,0.025396825396825397
859,0.025559105431309903
1061,0.025396825396825397
506,0.025477707006369428
625,0.025477707006369428
684,0.025477707006369428
1671,0.025396825396825397
460,0.025477707006369428
1144,0.025477707006369428
455,0.025477707006369428
475,0.025396825396825397
383,0.025396825396825397
845,0.025477707006369428
479,0.025477707006369428
448,0.025477707006369428
619,0.025396825396825397
489,0.025477707006369428
447,0.025396825396825397
446,0.025477707006369428
923,0.025477707006369428
622,0.025477707006369428
499,0.025559105431309903
1609,0.025477707006369428
425,0.025559105431309903
559,0.025396825396825397
414,0.025477707006369428
1028,0.025477707006369428
374,0.025477707006369428
607,0.025477707006369428
373,0.025396825396825397
371,0.025477707006369428
663,0.025559105431309903
667,0.02531645569620253
769,0.025559105431309903
670,0.025477707006369428
673,0.025477707006369428
362,0.025477707006369428
904,0.025559105431309903
678,0.025477707006369428
679,0.025477707006369428
682,0.025477707006369428
602,0.025477707006369428
908,0.025236593059936908
598,0.025396825396825397
596,0.025396825396825397
568,0.025477707006369428
1767,0.025477707006369428
408,0.025477707006369428
744,0.025477707006369428
610,0.02564102564102564
612,0.025559105431309903
613,0.025477707006369428
617,0.025236593059936908
281,0.02531645569620253
394,0.025477707006369428
595,0.025477707006369428
398,0.025477707006369428
946,0.022222222222222223
841,0.022292993630573247
843,0.022292993630573247
764,0.022292993630573247
958,0.022222222222222223
750,0.022292993630573247
382,0.022292993630573247
378,0.022222222222222223
1679,0.022292993630573247
621,0.022292993630573247
1078,0.022292993630573247
643,0.022364217252396165
645,0.022222222222222223
276,0.022292993630573247
1623,0.022222222222222223
735,0.022292993630573247
741,0.022292993630573247
1047,0.022151898734177215
748,0.022151898734177215
1040,0.022364217252396165
823,0.022364217252396165
1747,0.022364217252396165
758,0.022292993630573247
1030,0.022292993630573247
1180,0.022292993630573247
1360,0.022292993630573247
1413,0.022364217252396165
1016,0.022082018927444796
778,0.022222222222222223
1000,0.022292993630573247
995,0.022292993630573247
810,0.022292993630573247
974,0.022151898734177215
965,0.022364217252396165
935,0.022151898734177215
580,0.022292993630573247
424,0.022292993630573247
892,0.022222222222222223
529,0.022364217252396165
523,0.022292993630573247
888,0.022151898734177215
522,0.022364217252396165
393,0.022292993630573247
488,0.022292993630573247
517,0.022364217252396165
402,0.022292993630573247
1086,0.022292993630573247
1474,0.022292993630573247
1114,0.022292993630573247
609,0.022151898734177215
1513,0.022364217252396165
418,0.022151898734177215
1481,0.022292993630573247
729,0.022292993630573247
726,0.022292993630573247
1202,0.022222222222222223
553,0.022222222222222223
503,0.022435897435897436
435,0.022292993630573247
454,0.022292993630573247
708,0.022292993630573247
702,0.022292993630573247
468,0.022292993630573247
1311,0.022364217252396165
701,0.022151898734177215
1519,0.022151898734177215
519,0.022292993630573247
912,0.022292993630573247
571,0.022292993630573247
312,0.022292993630573247
336,0.022292993630573247
259,0.022364217252396165
547,0.022364217252396165
910,0.022292993630573247
255,0.022292993630573247
196,0.0220125786163522
588,0.022292993630573247
570,0.022364217252396165
323,0.022364217252396165
1298,0.022222222222222223
583,0.022292993630573247
872,0.022292993630573247
356,0.022222222222222223
357,0.022435897435897436
903,0.022292993630573247
537,0.022292993630573247
1572,0.022222222222222223
576,0.022364217252396165
1307,0.022292993630573247
1310,0.0189873417721519
504,0.01904761904761905
494,0.01910828025477707
498,0.01910828025477707
1134,0.01910828025477707
497,0.01910828025477707
496,0.019230769230769232
505,0.01910828025477707
552,0.019169329073482427
534,0.019169329073482427
628,0.01875
513,0.019169329073482427
525,0.019169329073482427
1643,0.01904761904761905
514,0.019169329073482427
637,0.01910828025477707
1068,0.01910828025477707
1379,0.01910828025477707
539,0.01910828025477707
551,0.0189873417721519
635,0.01910828025477707
1308,0.01910828025477707
507,0.01910828025477707
1385,0.01910828025477707
1627,0.01910828025477707
1348,0.0189873417721519
1139,0.01904761904761905
929,0.01910828025477707
476,0.01910828025477707
399,0.01910828025477707
364,0.01910828025477707
1359,0.01904761904761905
360,0.01910828025477707
1726,0.01910828025477707
1721,0.019169329073482427
1355,0.0189873417721519
1204,0.019169329073482427
1755,0.019230769230769232
1276,0.01910828025477707
1688,0.019169329073482427
1254,0.01910828025477707
305,0.019169329073482427
1275,0.01910828025477707
348,0.019169329073482427
345,0.0189873417721519
337,0.019169329073482427
330,0.019169329073482427
584,0.01904761904761905
1266,0.01910828025477707
365,0.0189873417721519
1735,0.01910828025477707
471,0.019169329073482427
1737,0.01904761904761905
467,0.01910828025477707
1318,0.019169329073482427
444,0.01910828025477707
1363,0.01904761904761905
1150,0.01910828025477707
433,0.01904761904761905
427,0.01910828025477707
1329,0.01910828025477707
1162,0.01904761904761905
1163,0.019169329073482427
1599,0.01910828025477707
1166,0.01910828025477707
411,0.019169329073482427
1751,0.01904761904761905
409,0.01910828025477707
1750,0.019169329073482427
403,0.01910828025477707
1173,0.01904761904761905
1364,0.0189873417721519
1389,0.019169329073482427
577,0.01910828025477707
787,0.019230769230769232
709,0.01910828025477707
1482,0.019169329073482427
991,0.0189873417721519
1152,0.01904761904761905
790,0.01910828025477707
721,0.01910828025477707
717,0.01910828025477707
856,0.019169329073482427
784,0.01910828025477707
715,0.01910828025477707
839,0.01904761904761905
677,0.01910828025477707
781,0.01904761904761905
1005,0.01910828025477707
1006,0.01910828025477707
775,0.019169329073482427
774,0.01910828025477707
907,0.01910828025477707
1214,0.01904761904761905
1497,0.01910828025477707
826,0.01904761904761905
1479,0.01904761904761905
801,0.01910828025477707
834,0.019169329073482427
835,0.019169329073482427
894,0.01910828025477707
953,0.01910828025477707
959,0.01910828025477707
961,0.01910828025477707
963,0.01910828025477707
821,0.01910828025477707
1092,0.019169329073482427
966,0.019169329073482427
967,0.019169329073482427
819,0.01910828025477707
970,0.01904761904761905
885,0.019169329073482427
816,0.019169329073482427
881,0.01910828025477707
1105,0.019169329073482427
1109,0.019169329073482427
1112,0.01910828025477707
875,0.01910828025477707
1116,0.01910828025477707
921,0.019230769230769232
913,0.01910828025477707
1239,0.01910828025477707
593,0.01910828025477707
1034,0.01910828025477707
757,0.01910828025477707
672,0.01910828025477707
590,0.01904761904761905
754,0.019169329073482427
752,0.01910828025477707
751,0.019169329073482427
579,0.019169329073482427
1044,0.019169329073482427
850,0.01910828025477707
572,0.01910828025477707
1445,0.01910828025477707
1523,0.01910828025477707
560,0.019230769230769232
558,0.01910828025477707
1053,0.01910828025477707
1605,0.019169329073482427
592,0.01904761904761905
756,0.01910828025477707
1442,0.01910828025477707
605,0.01910828025477707
668,0.01910828025477707
664,0.01910828025477707
1511,0.01910828025477707
767,0.01910828025477707
766,0.0189873417721519
902,0.019169329073482427
600,0.01910828025477707
937,0.018867924528301886
603,0.01910828025477707
601,0.01904761904761905
760,0.019169329073482427
1443,0.01592356687898089
1447,0.015873015873015872
1456,0.015873015873015872
1436,0.01592356687898089
1597,0.01592356687898089
1446,0.01592356687898089
1437,0.015873015873015872
1450,0.015873015873015872
1451,0.01592356687898089
1585,0.01592356687898089
1589,0.01592356687898089
1448,0.015822784810126583
1573,0.015822784810126583
1558,0.01592356687898089
1457,0.015873015873015872
1444,0.01607717041800643
1614,0.015822784810126583
1277,0.015822784810126583
284,0.01592356687898089
1615,0.015873015873015872
1621,0.01592356687898089
1640,0.01592356687898089
1529,0.01592356687898089
1401,0.01592356687898089
1269,0.01592356687898089
1400,0.01592356687898089
1384,0.015873015873015872
1654,0.01592356687898089
1535,0.01592356687898089
1350,0.01592356687898089
1668,0.015873015873015872
1410,0.01597444089456869
1509,0.01597444089456869
1345,0.016025641025641024
1341,0.01597444089456869
1503,0.01592356687898089
1501,0.01597444089456869
1491,0.015873015873015872
1420,0.01597444089456869
1431,0.01592356687898089
1356,0.01592356687898089
1279,0.015873015873015872
1526,0.015873015873015872
833,0.015873015873015872
293,0.01592356687898089
866,0.01592356687898089
905,0.01592356687898089
868,0.01592356687898089
869,0.01592356687898089
898,0.01592356687898089
897,0.01592356687898089
896,0.01592356687898089
889,0.01592356687898089
1097,0.01592356687898089
884,0.01597444089456869
882,0.01592356687898089
1101,0.01592356687898089
878,0.015873015873015872
877,0.015873015873015872
874,0.01592356687898089
836,0.01597444089456869
830,0.01592356687898089
728,0.01592356687898089
718,0.01597444089456869
716,0.01592356687898089
906,0.015822784810126583
915,0.01597444089456869
1156,0.01597444089456869
920,0.015873015873015872
804,0.01592356687898089
805,0.015873015873015872
980,0.015873015873015872
815,0.01592356687898089
820,0.01592356687898089
824,0.01592356687898089
954,0.01592356687898089
952,0.01592356687898089
827,0.01592356687898089
838,0.015873015873015872
944,0.01592356687898089
847,0.01592356687898089
936,0.01592356687898089
933,0.01592356687898089
1261,0.01597444089456869
851,0.01592356687898089
926,0.01597444089456869
925,0.015873015873015872
922,0.01597444089456869
1153,0.01597444089456869
704,0.01592356687898089
798,0.01592356687898089
530,0.01592356687898089
521,0.01592356687898089
516,0.015822784810126583
511,0.01592356687898089
495,0.01592356687898089
1312,0.01597444089456869
487,0.015873015873015872
486,0.01597444089456869
484,0.01592356687898089
1313,0.01597444089456869
1321,0.01592356687898089
451,0.015873015873015872
441,0.01592356687898089
426,0.01592356687898089
422,0.015873015873015872
355,0.01597444089456869
587,0.015873015873015872
586,0.01592356687898089
1373,0.015873015873015872
1376,0.015873015873015872
528,0.01592356687898089
538,0.01592356687898089
700,0.01592356687898089
546,0.016025641025641024
697,0.01592356687898089
1233,0.01592356687898089
689,0.015822784810126583
683,0.01592356687898089
674,0.01597444089456869
671,0.01597444089456869
669,0.01592356687898089
1242,0.01597444089456869
661,0.015873015873015872
1243,0.01597444089456869
659,0.01592356687898089
658,0.01592356687898089
604,0.015873015873015872
594,0.01592356687898089
1294,0.01597444089456869
573,0.01592356687898089
563,0.01592356687898089
554,0.01597444089456869
549,0.01592356687898089
802,0.01592356687898089
932,0.01592356687898089
988,0.016025641025641024
736,0.01592356687898089
655,0.01597444089456869
654,0.01592356687898089
1062,0.015873015873015872
652,0.01592356687898089
651,0.01592356687898089
1133,0.015873015873015872
1067,0.01592356687898089
1731,0.01592356687898089
1179,0.015873015873015872
1744,0.01597444089456869
1071,0.01597444089456869
1165,0.015873015873015872
1075,0.015873015873015872
1768,0.01597444089456869
639,0.01592356687898089
1776,0.016339869281045753
1783,0.01818181818181818
1149,0.01592356687898089
1123,0.01597444089456869
1124,0.01592356687898089
1138,0.01592356687898089
636,0.01592356687898089
631,0.01592356687898089
1191,0.01592356687898089
629,0.01592356687898089
626,0.01597444089456869
623,0.01592356687898089
1708,0.01592356687898089
1135,0.01592356687898089
737,0.01597444089456869
1022,0.015873015873015872
1258,0.01597444089456869
1285,0.01597444089456869
1284,0.01597444089456869
782,0.01592356687898089
777,0.015822784810126583
773,0.015822784810126583
771,0.01592356687898089
1012,0.01597444089456869
1014,0.015873015873015872
1017,0.015873015873015872
1019,0.01592356687898089
1020,0.015873015873015872
1256,0.01592356687898089
1021,0.015772870662460567
770,0.01592356687898089
759,0.01592356687898089
742,0.01592356687898089
755,0.01597444089456869
747,0.016025641025641024
1372,0.012738853503184714
1291,0.012779552715654952
1684,0.012779552715654952
1576,0.012738853503184714
1293,0.012738853503184714
1292,0.012738853503184714
1681,0.012698412698412698
1682,0.012779552715654952
1300,0.012738853503184714
1324,0.012698412698412698
1717,0.012779552715654952
1761,0.012779552715654952
1288,0.012779552715654952
1600,0.012698412698412698
1296,0.012738853503184714
1693,0.012738853503184714
1686,0.012738853503184714
1749,0.012779552715654952
1301,0.012738853503184714
1306,0.012779552715654952
1719,0.012658227848101266
377,0.012779552715654952
1788,0.01680672268907563
1320,0.012738853503184714
1786,0.01639344262295082
1704,0.012738853503184714
1590,0.012698412698412698
1772,0.012738853503184714
1580,0.012738853503184714
1729,0.012698412698412698
1730,0.012738853503184714
1315,0.01282051282051282
1158,0.012779552715654952
1672,0.012738853503184714
624,0.012738853503184714
1102,0.012779552715654952
1642,0.012658227848101266
1100,0.012698412698412698
1098,0.012779552715654952
1636,0.012738853503184714
1095,0.012698412698412698
1620,0.012698412698412698
653,0.012698412698412698
733,0.012779552715654952
740,0.012779552715654952
861,0.012861736334405145
858,0.012738853503184714
743,0.012738853503184714
857,0.012738853503184714
765,0.012698412698412698
848,0.012738853503184714
844,0.012779552715654952
818,0.012738853503184714
806,0.012698412698412698
789,0.012698412698412698
791,0.012738853503184714
1108,0.012738853503184714
1111,0.012738853503184714
646,0.012738853503184714
797,0.012738853503184714
1238,0.012779552715654952
1667,0.012738853503184714
1237,0.012738853503184714
1235,0.012698412698412698
1234,0.012698412698412698
1232,0.012738853503184714
1221,0.012779552715654952
1695,0.012738853503184714
1219,0.012738853503184714
1661,0.012738853503184714
644,0.012779552715654952
1657,0.012698412698412698
1155,0.012738853503184714
1655,0.012698412698412698
1651,0.012738853503184714
1200,0.012779552715654952
1645,0.012738853503184714
1198,0.012738853503184714
1120,0.012779552715654952
1563,0.012779552715654952
1569,0.012698412698412698
1328,0.012618296529968454
901,0.012738853503184714
1464,0.012738853503184714
1407,0.012738853503184714
1386,0.012738853503184714
1147,0.012658227848101266
1074,0.012738853503184714
928,0.012738853503184714
1466,0.012618296529968454
1076,0.012738853503184714
1145,0.012738853503184714
1452,0.012738853503184714
1462,0.012779552715654952
1143,0.012738853503184714
930,0.012738853503184714
1459,0.012738853503184714
934,0.012698412698412698
996,0.012738853503184714
940,0.012779552715654952
1472,0.012738853503184714
1072,0.012738853503184714
1050,0.012698412698412698
900,0.012738853503184714
1496,0.012779552715654952
1008,0.012738853503184714
880,0.012738853503184714
1493,0.012738853503184714
1083,0.012738853503184714
1066,0.012738853503184714
1489,0.012779552715654952
1084,0.012738853503184714
1085,0.012738853503184714
1326,0.012779552715654952
581,0.012618296529968454
1352,0.012738853503184714
1480,0.012779552715654952
893,0.012738853503184714
895,0.012658227848101266
1339,0.012738853503184714
1081,0.012658227848101266
1127,0.012698412698412698
976,0.012738853503184714
1415,0.012779552715654952
969,0.012738853503184714
1412,0.012779552715654952
972,0.012698412698412698
973,0.012618296529968454
1195,0.012738853503184714
1399,0.012738853503184714
1192,0.012779552715654952
1441,0.012698412698412698
978,0.012779552715654952
981,0.012779552715654952
1344,0.012698412698412698
1126,0.012698412698412698
1189,0.012738853503184714
1128,0.012738853503184714
1391,0.012738853503184714
1416,0.012658227848101266
1196,0.012779552715654952
1129,0.012658227848101266
1121,0.012738853503184714
1440,0.012738853503184714
1439,0.012779552715654952
1435,0.012658227848101266
942,0.012738853503184714
1388,0.012658227848101266
1432,0.012698412698412698
1430,0.012779552715654952
1429,0.012738853503184714
1131,0.012738853503184714
947,0.012738853503184714
950,0.012779552715654952
951,0.012618296529968454
957,0.012738853503184714
1423,0.012698412698412698
960,0.012738853503184714
1009,0.012658227848101266
1500,0.012779552715654952
1502,0.012698412698412698
1250,0.012779552715654952
1175,0.012738853503184714
574,0.012738853503184714
1063,0.012738853503184714
1253,0.012779552715654952
1064,0.012738853503184714
1035,0.012578616352201259
1032,0.012779552715654952
614,0.012738853503184714
1552,0.012738853503184714
616,0.012738853503184714
1282,0.012698412698412698
1283,0.012738853503184714
1168,0.012779552715654952
1029,0.012738853503184714
873,0.012779552715654952
1402,0.012738853503184714
1038,0.012658227848101266
666,0.012738853503184714
1041,0.012738853503184714
1048,0.012738853503184714
1185,0.012698412698412698
314,0.012779552715654952
400,0.012738853503184714
458,0.012698412698412698
1184,0.012738853503184714
459,0.012738853503184714
464,0.012698412698412698
1378,0.012779552715654952
474,0.012738853503184714
477,0.012738853503184714
1211,0.012738853503184714
1249,0.012738853503184714
501,0.012738853503184714
512,0.012738853503184714
665,0.012779552715654952
660,0.012658227848101266
676,0.012738853503184714
724,0.012658227848101266
690,0.012658227848101266
1521,0.012738853503184714
1018,0.012698412698412698
710,0.012738853503184714
711,0.012779552715654952
722,0.012738853503184714
1272,0.012738853503184714
1525,0.012658227848101266
1273,0.012698412698412698
730,0.012779552715654952
1274,0.012698412698412698
831,0.012738853503184714
1015,0.012779552715654952
1357,0.012738853503184714
698,0.012698412698412698
986,0.012738853503184714
1527,0.012738853503184714
1542,0.01282051282051282
1540,0.012779552715654952
1259,0.012779552715654952
1025,0.012779552715654952
1161,0.012698412698412698
1164,0.012738853503184714
1065,0.012658227848101266
692,0.012779552715654952
1264,0.012698412698412698
695,0.012738853503184714
1265,0.012779552715654952
1544,0.012738853503184714
691,0.012779552715654952
1267,0.012738853503184714
1026,0.012698412698412698
1054,0.009554140127388535
1057,0.009554140127388535
1125,0.009554140127388535
1070,0.009554140127388535
732,0.009554140127388535
649,0.009554140127388535
1058,0.009523809523809525
1562,0.009433962264150943
630,0.009554140127388535
1771,0.00949367088607595
1753,0.009554140127388535
1752,0.00949367088607595
1170,0.009554140127388535
1748,0.009584664536741214
1746,0.009584664536741214
1745,0.009554140127388535
1743,0.009554140127388535
1741,0.009554140127388535
1739,0.009523809523809525
1738,0.009554140127388535
1181,0.009554140127388535
1182,0.009584664536741214
1727,0.009554140127388535
1723,0.009554140127388535
1716,0.009584664536741214
1763,0.009554140127388535
1774,0.00964630225080386
1194,0.009554140127388535
1775,0.00964630225080386
1130,0.009554140127388535
1140,0.009554140127388535
1141,0.009554140127388535
1142,0.009554140127388535
379,0.009554140127388535
1146,0.009584664536741214
1798,0.023076923076923078
1795,0.018518518518518517
1793,0.015544041450777202
1791,0.014218009478672985
1148,0.009554140127388535
1787,0.012244897959183673
1784,0.01098901098901099
1159,0.009523809523809525
1779,0.010067114093959731
739,0.009554140127388535
814,0.009523809523809525
1049,0.009554140127388535
696,0.009523809523809525
1246,0.009523809523809525
693,0.009554140127388535
1217,0.009523809523809525
1216,0.009584664536741214
694,0.009554140127388535
1213,0.009554140127388535
1212,0.009554140127388535
1225,0.00949367088607595
1223,0.009554140127388535
1157,0.009584664536741214
746,0.00946372239747634
707,0.009584664536741214
1201,0.009554140127388535
727,0.009554140127388535
829,0.009554140127388535
1119,0.009554140127388535
1117,0.00949367088607595
879,0.009584664536741214
1113,0.009554140127388535
1110,0.009523809523809525
657,0.009554140127388535
1289,0.009554140127388535
591,0.009554140127388535
611,0.009554140127388535
582,0.009584664536741214
585,0.009554140127388535
1371,0.009554140127388535
1323,0.00946372239747634
1319,0.009554140127388535
1316,0.009523809523809525
490,0.009554140127388535
493,0.009584664536741214
1309,0.009523809523809525
561,0.009523809523809525
1305,0.009554140127388535
1304,0.009584664536741214
1303,0.009615384615384616
1302,0.009554140127388535
562,0.009523809523809525
1299,0.009584664536741214
1297,0.009554140127388535
578,0.009554140127388535
1295,0.009584664536741214
1106,0.009554140127388535
1088,0.009584664536741214
1090,0.009554140127388535
803,0.009554140127388535
799,0.009584664536741214
793,0.009554140127388535
792,0.009584664536741214
993,0.009523809523809525
994,0.009554140127388535
786,0.009584664536741214
1002,0.009554140127388535
780,0.009554140127388535
779,0.009615384615384616
1004,0.009615384615384616
776,0.009554140127388535
1023,0.009554140127388535
1024,0.009554140127388535
1036,0.009584664536741214
1037,0.00949367088607595
1042,0.00949367088607595
749,0.009523809523809525
1043,0.009554140127388535
1045,0.00946372239747634
984,0.009584664536741214
983,0.009615384615384616
1091,0.009554140127388535
982,0.009584664536741214
914,0.009554140127388535
916,0.009584664536741214
860,0.009554140127388535
917,0.009523809523809525
919,0.009554140127388535
855,0.009554140127388535
854,0.009554140127388535
853,0.009523809523809525
939,0.009523809523809525
846,0.009554140127388535
941,0.009554140127388535
945,0.009554140127388535
842,0.009584664536741214
962,0.009584664536741214
822,0.009554140127388535
964,0.009554140127388535
1712,0.00946372239747634
813,0.009523809523809525
977,0.009554140127388535
1715,0.009584664536741214
1377,0.009554140127388535
1676,0.009554140127388535
1673,0.009554140127388535
1478,0.009523809523809525
1658,0.00946372239747634
1659,0.009584664536741214
1483,0.009554140127388535
1694,0.009554140127388535
1696,0.009554140127388535
1484,0.009554140127388535
1699,0.009554140127388535
1700,0.009554140127388535
1349,0.009584664536741214
1488,0.009584664536741214
1346,0.009554140127388535
1494,0.009554140127388535
1674,0.009584664536741214
1541,0.009523809523809525
1677,0.009523809523809525
1342,0.009584664536741214
1680,0.009554140127388535
1508,0.009523809523809525
1514,0.009523809523809525
1515,0.009554140127388535
1685,0.009554140127388535
1516,0.009584664536741214
1335,0.009523809523809525
1522,0.009554140127388535
1331,0.009523809523809525
1537,0.009584664536741214
1327,0.009584664536741214
1477,0.009554140127388535
1380,0.00949367088607595
1476,0.009554140127388535
1475,0.009554140127388535
1393,0.009554140127388535
1398,0.009554140127388535
1414,0.009554140127388535
1619,0.00949367088607595
1425,0.009615384615384616
1624,0.009554140127388535
1625,0.009554140127388535
1406,0.009584664536741214
1628,0.009584664536741214
1449,0.009554140127388535
1453,0.009554140127388535
1455,0.009554140127388535
1405,0.009554140127388535
1458,0.009523809523809525
1467,0.009523809523809525
1404,0.009554140127388535
1641,0.009554140127388535
1470,0.009584664536741214
1471,0.009554140127388535
1383,0.009554140127388535
1646,0.009554140127388535
1647,0.00946372239747634
1650,0.00949367088607595
1473,0.009554140127388535
1382,0.009554140127388535
1653,0.009554140127388535
1381,0.009584664536741214
1539,0.009554140127388535
1608,0.009554140127388535
1559,0.009584664536741214
1592,0.00949367088607595
1255,0.009584664536741214
1593,0.009584664536741214
1759,0.009523809523809525
1604,0.009584664536741214
1568,0.009584664536741214
1547,0.009554140127388535
1209,0.009523809523809525
1570,0.009523809523809525
1268,0.009554140127388535
1549,0.009523809523809525
1556,0.00949367088607595
1758,0.009523809523809525
1567,0.009554140127388535
1280,0.009584664536741214
1595,0.009584664536741214
1596,0.009523809523809525
1691,0.009584664536741214
1281,0.009554140127388535
1578,0.009554140127388535
1588,0.00949367088607595
1545,0.009554140127388535
1546,0.009433962264150943
1210,0.009554140127388535
1271,0.009523809523809525
1690,0.00949367088607595
1270,0.009584664536741214
1598,0.009523809523809525
1577,0.009523809523809525
1571,0.006369426751592357
1460,0.006389776357827476
1461,0.006389776357827476
931,0.006349206349206349
1231,0.006349206349206349
1463,0.006389776357827476
1322,0.006389776357827476
927,0.006389776357827476
1468,0.006369426751592357
1574,0.006349206349206349
466,0.006369426751592357
1314,0.006369426751592357
862,0.006369426751592357
863,0.006389776357827476
1579,0.006369426751592357
849,0.00641025641025641
1433,0.006369426751592357
436,0.006389776357827476
1418,0.006369426751592357
1392,0.006369426751592357
1565,0.006369426751592357
979,0.006369426751592357
1395,0.006389776357827476
809,0.006369426751592357
1396,0.006369426751592357
1397,0.006369426751592357
1375,0.006369426751592357
1411,0.006349206349206349
971,0.006289308176100629
1374,0.006369426751592357
968,0.006329113924050633
1421,0.006389776357827476
1454,0.006369426751592357
1424,0.006369426751592357
956,0.006389776357827476
1369,0.006369426751592357
828,0.006389776357827476
837,0.006389776357827476
1367,0.006369426751592357
1426,0.006369426751592357
949,0.006369426751592357
1427,0.006389776357827476
1428,0.006349206349206349
1366,0.006329113924050633
1561,0.006369426751592357
865,0.006389776357827476
1553,0.006369426751592357
911,0.006389776357827476
985,0.006369426751592357
1118,0.006369426751592357
1245,0.006369426751592357
1506,0.006369426751592357
1197,0.006349206349206349
1603,0.006389776357827476
1241,0.006369426751592357
1548,0.006369426751592357
1203,0.006369426751592357
680,0.006369426751592357
1518,0.006389776357827476
688,0.006389776357827476
699,0.006369426751592357
1524,0.006369426751592357
1528,0.006349206349206349
1222,0.006369426751592357
1530,0.006369426751592357
1224,0.006389776357827476
1532,0.006349206349206349
1227,0.006369426751592357
1536,0.006369426751592357
1215,0.006389776357827476
1538,0.006369426751592357
1218,0.006369426751592357
1228,0.006369426751592357
1229,0.006369426751592357
1247,0.006369426751592357
1601,0.006349206349206349
1582,0.006369426751592357
1505,0.006369426751592357
909,0.006389776357827476
556,0.006369426751592357
1554,0.006369426751592357
871,0.006369426751592357
1230,0.006389776357827476
1591,0.006369426751592357
575,0.006329113924050633
891,0.006369426751592357
1093,0.006329113924050633
887,0.006329113924050633
1096,0.006369426751592357
886,0.006389776357827476
883,0.006349206349206349
1099,0.006369426751592357
1594,0.006369426751592357
1089,0.006369426751592357
1103,0.006369426751592357
1104,0.006369426751592357
1087,0.006389776357827476
1486,0.006389776357827476
1107,0.006389776357827476
1487,0.006369426751592357
1551,0.006369426751592357
1495,0.006369426751592357
1504,0.006369426751592357
1705,0.006369426751592357
987,0.006389776357827476
1056,0.006349206349206349
1649,0.006349206349206349
1286,0.006369426751592357
1172,0.006369426751592357
1174,0.006389776357827476
1190,0.006369426751592357
1252,0.006389776357827476
1347,0.006369426751592357
1687,0.006369426751592357
1742,0.006369426751592357
1122,0.006369426751592357
1701,0.006349206349206349
1082,0.006389776357827476
1079,0.006369426751592357
1077,0.006349206349206349
1069,0.006389776357827476
1736,0.006349206349206349
1662,0.006389776357827476
1660,0.006369426751592357
1177,0.006369426751592357
1055,0.006369426751592357
1052,0.006349206349206349
738,0.006349206349206349
1051,0.006369426751592357
1652,0.006369426751592357
1287,0.006369426751592357
1257,0.006349206349206349
1678,0.006369426751592357
1263,0.006389776357827476
1151,0.006389776357827476
1325,0.006349206349206349
1781,0.006872852233676976
1790,0.00904977375565611
1792,0.009852216748768473
1278,0.006369426751592357
1778,0.006622516556291391
1332,0.006369426751592357
1160,0.006329113924050633
1773,0.006369426751592357
1770,0.006389776357827476
1132,0.006369426751592357
1803,0.025974025974025976
1262,0.006329113924050633
1167,0.006369426751592357
1766,0.006389776357827476
1336,0.006389776357827476
1337,0.006369426751592357
1564,0.006369426751592357
1260,0.006369426751592357
1754,0.006369426751592357
1137,0.006349206349206349
1046,0.006369426751592357
1362,0.006329113924050633
1728,0.006309148264984227
1725,0.006349206349206349
1711,0.006369426751592357
998,0.006349206349206349
1634,0.006369426751592357
1757,0.006369426751592357
768,0.006369426751592357
1631,0.006369426751592357
997,0.006389776357827476
1618,0.006389776357827476
1714,0.006349206349206349
1724,0.006369426751592357
1010,0.006369426751592357
1616,0.006389776357827476
1629,0.006369426751592357
788,0.006369426751592357
999,0.006349206349206349
1613,0.006369426751592357
761,0.006369426751592357
1206,0.006369426751592357
1039,0.006389776357827476
753,0.006389776357827476
1611,0.006369426751592357
1644,0.006369426751592357
1733,0.006369426751592357
1707,0.006369426751592357
989,0.006389776357827476
785,0.006369426751592357
990,0.006369426751592357
1709,0.006369426751592357
1703,0.006349206349206349
1612,0.006369426751592357
1183,0.006369426751592357
1648,0.006349206349206349
1244,0.0031847133757961785
1734,0.0031847133757961785
1769,0.0031847133757961785
1713,0.0031847133757961785
1236,0.003194888178913738
1566,0.0031847133757961785
1543,0.0031847133757961785
1780,0.003389830508474576
1368,0.0031847133757961785
1720,0.0031847133757961785
1602,0.0031645569620253164
1764,0.003194888178913738
1581,0.0031645569620253164
1361,0.0031847133757961785
1732,0.0031746031746031746
1583,0.0031847133757961785
1584,0.0031847133757961785
1692,0.0031847133757961785
1555,0.0031847133757961785
1756,0.0031847133757961785
1586,0.003194888178913738
1176,0.0031847133757961785
1557,0.0031847133757961785
1689,0.003194888178913738
1575,0.003194888178913738
1251,0.003194888178913738
1560,0.0031847133757961785
1722,0.0031847133757961785
1760,0.003194888178913738
1186,0.0031847133757961785
1365,0.003194888178913738
1290,0.0031746031746031746
1188,0.003194888178913738
1610,0.0031847133757961785
1683,0.0031847133757961785
1789,0.004464285714285714
1639,0.003194888178913738
1434,0.0031847133757961785
1633,0.003134796238244514
1637,0.003194888178913738
1027,0.0031645569620253164
1638,0.003194888178913738
1031,0.0031847133757961785
1465,0.0031847133757961785
1330,0.003194888178913738
1033,0.0031847133757961785
1403,0.003134796238244514
1469,0.003205128205128205
745,0.003194888178913738
1656,0.0031847133757961785
1059,0.0031847133757961785
1630,0.0031847133757961785
1011,0.0031746031746031746
948,0.0031847133757961785
1007,0.0031847133757961785
1626,0.0031847133757961785
1003,0.0031847133757961785
1387,0.0031545741324921135
1001,0.0031847133757961785
1422,0.0031746031746031746
1419,0.0031847133757961785
1409,0.0031847133757961785
1408,0.0031746031746031746
1390,0.003194888178913738
975,0.0031746031746031746
992,0.0031746031746031746
1394,0.0031847133757961785
1706,0.0031847133757961785
1060,0.0031746031746031746
1353,0.0031847133757961785
1663,0.0031847133757961785
1606,0.0031746031746031746
1534,0.0031746031746031746
1794,0.005780346820809248
1533,0.0031847133757961785
1797,0.007407407407407408
1334,0.0031645569620253164
1799,0.008620689655172414
1801,0.01098901098901099
1220,0.003194888178913738
1806,0.02
1807,0.024390243902439025
1520,0.0031847133757961785
1809,0.038461538461538464
1517,0.0031847133757961785
1338,0.0031847133757961785
1512,0.003194888178913738
1664,0.003194888178913738
1510,0.0031746031746031746
1340,0.0031746031746031746
1507,0.0031847133757961785
1193,0.003194888178913738
1343,0.0031746031746031746
1115,0.0031847133757961785
1499,0.0031847133757961785
1670,0.003194888178913738
1492,0.0031847133757961785
1490,0.003194888178913738
1666,0.0031645569620253164
1702,0.0031847133757961785
1485,0.003194888178913738
1698,0.003194888178913738
1765,0.0031645569620253164
1248,0.0
1208,0.0
1358,0.0
1762,0.0
1587,0.0
1632,0.0
1697,0.0
1438,0.0
1550,0.0
817,0.0
1171,0.0
1718,0.0
1154,0.0
938,0.0
1531,0.0
1740,0.0
1094,0.0
1207,0.0
1622,0.0
1675,0.0
1370,0.0
1617,0.0
1205,0.0
1635,0.0
924,0.0
1136,0.0
1187,0.0
1333,0.0
1665,0.0
1607,0.0
1710,0.0
794,0.0
1498,0.0
1354,0.0
1317,0.0
955,0.0
1777,0.0
1782,0.0
1785,0.0
1796,0.0
1800,0.0
1802,0.0
1804,0.0
1805,0.0
1808,0.0
1810,0.0
1811,0.0
1812,0.0
1814,0.0
1813,0.0
1816,0.0
